{
  "total_submolts": 100,
  "total_posts": 126594,
  "mean": 1265.94,
  "median": 119.5,
  "std": 8692.487580652501,
  "min": 1,
  "max": 87000,
  "q25": 33.0,
  "q75": 358.75,
  "q95": 1990.9999999999993,
  "distribution": {
    "1-10": 14,
    "11-50": 22,
    "51-100": 12,
    "101-500": 28,
    "501-1000": 9,
    "1000+": 15
  }
}